{
  "strategy": "random",
  "typicality_fn": "euclidean",
  "cumulative_budget": [
    10,
    20,
    30,
    40,
    50
  ],
  "mean_accuracy": [
    16.032000000000004,
    17.232,
    19.522,
    21.226,
    22.101999999999997
  ],
  "std_accuracy": [
    2.2013577628363814,
    0.7357553941358506,
    0.9136169875828717,
    2.2290320769338425,
    1.9901095447236061
  ],
  "se_accuracy": [
    0.9844771200998018,
    0.3290398152199824,
    0.40858193792677644,
    0.9968534496103225,
    0.8900040449346281
  ],
  "all_accuracies": [
    [
      19.74,
      16.62,
      18.61,
      17.72,
      18.98
    ],
    [
      15.66,
      16.38,
      18.93,
      20.87,
      22.57
    ],
    [
      12.91,
      17.87,
      20.17,
      24.63,
      25.22
    ],
    [
      16.46,
      16.99,
      18.9,
      20.85,
      21.81
    ],
    [
      15.39,
      18.3,
      21.0,
      22.06,
      21.93
    ]
  ]
}