{
  "strategy": "typiclust",
  "typicality_fn": "lof",
  "cumulative_budget": [
    10,
    20,
    30,
    40,
    50
  ],
  "mean_accuracy": [
    18.580000000000002,
    20.84,
    22.338,
    24.502,
    25.381999999999998
  ],
  "std_accuracy": [
    0.27129319932501106,
    0.4693825731745903,
    1.0102752100294243,
    0.745530683473189,
    0.842932974796929
  ],
  "se_accuracy": [
    0.12132600710482495,
    0.20991426821443063,
    0.451808809121734,
    0.3334114575115859,
    0.37697108642441
  ],
  "all_accuracies": [
    [
      18.25,
      20.51,
      23.74,
      24.25,
      24.15
    ],
    [
      19.05,
      21.5,
      23.02,
      25.96,
      26.7
    ],
    [
      18.65,
      20.21,
      20.76,
      23.85,
      24.91
    ],
    [
      18.55,
      20.75,
      21.92,
      24.3,
      25.56
    ],
    [
      18.4,
      21.23,
      22.25,
      24.15,
      25.59
    ]
  ]
}