{
  "strategy": "typiclust",
  "typicality_fn": "euclidean",
  "cumulative_budget": [
    10,
    20,
    30,
    40,
    50
  ],
  "mean_accuracy": [
    14.142000000000001,
    19.932,
    21.698,
    24.538,
    24.68
  ],
  "std_accuracy": [
    0.34695244630928945,
    0.9938088347363386,
    0.5742960908799564,
    0.9939295749699769,
    0.9492944748601463
  ],
  "se_accuracy": [
    0.15516185098148344,
    0.4444448222220615,
    0.25683301968399586,
    0.44449881889606835,
    0.4245373952904504
  ],
  "all_accuracies": [
    [
      14.71,
      20.68,
      21.51,
      23.71,
      23.23
    ],
    [
      13.62,
      18.01,
      21.55,
      25.5,
      24.33
    ],
    [
      14.07,
      20.42,
      20.96,
      24.99,
      24.56
    ],
    [
      14.13,
      19.95,
      22.72,
      23.03,
      25.18
    ],
    [
      14.18,
      20.6,
      21.75,
      25.46,
      26.1
    ]
  ]
}