{
  "strategy": "typiclust",
  "typicality_fn": "kde",
  "cumulative_budget": [
    10,
    20,
    30,
    40,
    50
  ],
  "mean_accuracy": [
    15.398000000000001,
    19.754,
    19.794,
    20.586000000000002,
    20.642
  ],
  "std_accuracy": [
    2.7699920577503465,
    0.9334795123622157,
    0.8240048543546329,
    1.6611032478446361,
    1.0828554843560607
  ],
  "se_accuracy": [
    1.2387781076528595,
    0.4174647290490539,
    0.36850617362535454,
    0.7428679559652575,
    0.48426769456572233
  ],
  "all_accuracies": [
    [
      14.91,
      20.3,
      19.71,
      19.42,
      21.74
    ],
    [
      18.56,
      21.1,
      20.21,
      23.75,
      22.11
    ],
    [
      18.01,
      19.79,
      18.63,
      19.12,
      20.2
    ],
    [
      10.84,
      18.35,
      19.34,
      20.06,
      19.74
    ],
    [
      14.67,
      19.23,
      21.08,
      20.58,
      19.42
    ]
  ]
}