{
  "strategy": "typiclust",
  "typicality_fn": "cosine",
  "cumulative_budget": [
    10,
    20,
    30,
    40,
    50
  ],
  "mean_accuracy": [
    14.498000000000001,
    19.946,
    21.216,
    23.878000000000004,
    24.444
  ],
  "std_accuracy": [
    0.9777197962606673,
    1.1339770720786202,
    0.5710551637101261,
    1.0124504926167994,
    0.8857223041111695
  ],
  "se_accuracy": [
    0.4372495854772193,
    0.5071299636187947,
    0.2553836329916226,
    0.4527816250688625,
    0.39610705623606324
  ],
  "all_accuracies": [
    [
      13.71,
      20.54,
      20.76,
      22.39,
      25.72
    ],
    [
      16.01,
      18.84,
      21.27,
      24.67,
      24.0
    ],
    [
      13.43,
      19.84,
      20.42,
      24.09,
      23.55
    ],
    [
      15.25,
      21.78,
      22.0,
      23.09,
      25.28
    ],
    [
      14.09,
      18.73,
      21.63,
      25.15,
      23.67
    ]
  ]
}